{
  "selectionColor": "#00FFFF",
  "selectionMode": "partial",
  "enableByDefault": true,
  "allowExport": false,
  "includeRuntimeLayers": true,
  "geometryTypes": [
    "EXTENT"
  ],
  "layerState": {
    "Survey_Explorer_1375": {
      "selected": true
    },
    "Survey_Explorer_451": {
      "selected": true
    },
    "Survey_Explorer_569": {
      "selected": true
    },
    "Survey_Explorer_1564": {
      "selected": true
    },
    "Survey_Explorer_3665": {
      "selected": true
    },
    "Survey_Explorer_6632": {
      "selected": true
    },
    "Survey_Explorer_8530": {
      "selected": true
    },
    "Survey_Explorer_9254": {
      "selected": true
    },
    "Survey_Explorer_4505": {
      "selected": true
    },
    "Survey_Explorer_3638": {
      "selected": true
    },
    "Survey_Explorer_5060": {
      "selected": true
    },
    "Survey_Explorer_9678": {
      "selected": true
    },
    "Survey_Explorer_6930": {
      "selected": true
    },
    "Survey_Explorer_3149": {
      "selected": true
    },
    "Survey_Explorer_8643": {
      "selected": true
    }
  }
}
