{
  "showTitle": true,
  "showBasemap": false,
  "showLegend": true,
  "expandAllLayersByDefault": true,
  "contextMenu": {
    "ZoomTo": false,
    "Transparency": true,
    "SetVisibilityRange": false,
    "EnableOrDisablePopup": false,
    "ControlLabels": false,
    "MoveupOrMovedown": true,
    "OpenAttributeTable": false,
    "DescriptionOrShowItemDetailsOrDownload": false
  },
  "layerOptions": {
    "Survey_Explorer_1375": {
      "display": true
    },
    "Survey_Explorer_451": {
      "display": true
    },
    "Survey_Explorer_569": {
      "display": true
    },
    "Survey_Explorer_1564": {
      "display": true
    },
    "Survey_Explorer_3665": {
      "display": true
    },
    "Survey_Explorer_6632": {
      "display": true
    },
    "Survey_Explorer_8530": {
      "display": true
    },
    "Survey_Explorer_9254": {
      "display": true
    },
    "Survey_Explorer_4505": {
      "display": true
    },
    "Survey_Explorer_3638": {
      "display": true
    },
    "Survey_Explorer_5060": {
      "display": true
    },
    "Survey_Explorer_9678": {
      "display": true
    },
    "Survey_Explorer_6930": {
      "display": true
    },
    "Survey_Explorer_3149": {
      "display": true
    },
    "Survey_Explorer_8643": {
      "display": true
    },
    "Survey_Explorer_7267": {
      "display": false
    }
  }
}
