{
  "selectionColor": "#00FFFF",
  "selectionMode": "partial",
  "enableByDefault": true,
  "allowExport": false,
  "includeRuntimeLayers": true,
  "geometryTypes": [
    "EXTENT"
  ],
  "layerState": {
    "Web_address_6532": {
      "selected": true
    },
    "Cities_1788": {
      "selected": false
    },
    "Web_road_vacations_611": {
      "selected": true
    },
    "web_dedications_6715": {
      "selected": true
    },
    "sv_plats_9931": {
      "selected": true
    },
    "featureServer_1293": {
      "selected": true
    },
    "geocontrols_1446": {
      "selected": false
    },
    "geocontrols_1446_0": {
      "selected": true
    },
    "sv_benchmarks_7310": {
      "selected": false
    },
    "sv_benchmarks_7310_0": {
      "selected": true
    },
    "web_USGS_quads_5617": {
      "selected": false
    },
    "web_county_road_2071": {
      "selected": false
    },
    "web_county_road_2071_0": {
      "selected": true
    },
    "web_county_road_name_8135": {
      "selected": false
    },
    "web_county_road_name_8135_0": {
      "selected": true
    },
    "sv_surveys_2271": {
      "selected": false
    },
    "sv_surveys_2271_0": {
      "selected": true
    },
    "Taxlots_SP_5631": {
      "selected": false
    },
    "Taxlots_SP_5631_0": {
      "selected": true
    },
    "Taxlots_SP_5631_1": {
      "selected": false
    },
    "Web_PLSS_8407": {
      "selected": false
    },
    "Web_PLSS_8407_0": {
      "selected": false
    },
    "Web_PLSS_8407_1": {
      "selected": false
    },
    "Web_PLSS_8407_2": {
      "selected": false
    },
    "Web_DLC_6466": {
      "selected": false
    },
    "Web_DLC_6466_0": {
      "selected": true
    },
    "Street_Anno_4210": {
      "selected": false
    },
    "Street_Anno_4210_0": {
      "selected": false
    },
    "Web_Aerial2010_8212": {
      "selected": false
    },
    "ms_2006_ortho_3875": {
      "selected": false
    },
    "ms_2002_orthos_2353": {
      "selected": false
    },
    "ms_1998_orthos_1110": {
      "selected": false
    }
  }
}
