{
  "allPlaceholder": "",
  "showInfoWindowOnSelect": true,
  "sources": [
    {
      "layerId": "Web_address_6532",
      "url": "https://pappgiswa1.co.washington.or.us/arcgispub/rest/services/LUT_ECS/Web_address/MapServer/0",
      "name": "Address",
      "placeholder": "Type the address",
      "searchFields": [
        "FULLADDRESS"
      ],
      "displayField": "FULLADDRESS",
      "exactMatch": false,
      "searchInCurrentMapExtent": false,
      "panToScale": false,
      "zoomScale": null,
      "maxSuggestions": 6,
      "maxResults": 6,
      "type": "query"
    },
    {
      "layerId": "Taxlots_SP_5631_0",
      "url": "https://pappgiswa1.co.washington.or.us/arcgispub/rest/services/baselayers/Taxlots_SP/MapServer/0",
      "name": "Tax lots",
      "placeholder": "2S101AA00100",
      "searchFields": [
        "TLNO"
      ],
      "displayField": "TLNO",
      "exactMatch": false,
      "searchInCurrentMapExtent": false,
      "panToScale": false,
      "zoomScale": null,
      "maxSuggestions": 6,
      "maxResults": 6,
      "type": "query"
    },
    {
      "layerId": "sv_plats_9931",
      "url": "https://pappgiswa1.co.washington.or.us/arcgispub/rest/services/LUT_ECS/sv_plats/MapServer/0",
      "name": "Plats",
      "placeholder": "Type a plat name or number",
      "searchFields": [
        "Platname"
      ],
      "displayField": "Platname",
      "exactMatch": false,
      "searchInCurrentMapExtent": false,
      "panToScale": false,
      "zoomScale": null,
      "maxSuggestions": 6,
      "maxResults": 6,
      "type": "query"
    },
    {
      "layerId": "sv_surveys_2271_0",
      "url": "https://pappgiswa1.co.washington.or.us/arcgispub/rest/services/LUT_ECS/sv_surveys/MapServer/0",
      "name": "Surveys",
      "placeholder": "Type a survey number",
      "searchFields": [
        "SurvNum"
      ],
      "displayField": "SurvNum",
      "exactMatch": false,
      "searchInCurrentMapExtent": false,
      "panToScale": false,
      "zoomScale": null,
      "maxSuggestions": 6,
      "maxResults": 6,
      "type": "query"
    },
    {
      "name": "Public Land Corners",
      "layerId": "featureServer_1293",
      "url": "https://pappgiswa1.co.washington.or.us/arcgispub/rest/services/LUT_ECS/sv_corners/featureServer/0",
      "placeholder": "\"A srvey number or a plat name\"",
      "searchFields": [
        "CORNER_ID"
      ],
      "displayField": "CORNER_ID",
      "exactMatch": true,
      "maxResults": 6,
      "searchInCurrentMapExtent": false,
      "type": "query"
    },
    {
      "name": "DLC",
      "layerId": "Web_DLC_6466_0",
      "url": "https://pappgiswa1.co.washington.or.us/arcgispub/rest/services/LUT_ECS/Web_DLC/MapServer/0",
      "placeholder": "\"A srvey number or a plat name\"",
      "searchFields": [
        "BOTHNAMES"
      ],
      "displayField": "BOTHNAMES",
      "exactMatch": false,
      "maxResults": 6,
      "searchInCurrentMapExtent": false,
      "type": "query"
    },
    {
      "name": "Benchmarks",
      "layerId": "sv_benchmarks_7310_0",
      "url": "https://pappgiswa1.co.washington.or.us/arcgispub/rest/services/LUT_ECS/sv_benchmarks/MapServer/0",
      "placeholder": "\"A srvey number or a plat name\"",
      "searchFields": [
        "Benchmark_ID"
      ],
      "displayField": "Benchmark_ID",
      "exactMatch": false,
      "maxResults": 6,
      "searchInCurrentMapExtent": false,
      "type": "query"
    },
    {
      "name": "GeoControl",
      "layerId": "geocontrols_1446_0",
      "url": "https://pappgiswa1.co.washington.or.us/arcgispub/rest/services/LUT_ECS/geocontrols/MapServer/0",
      "placeholder": "\"A srvey number or a plat name\"",
      "searchFields": [
        "FULLNAME"
      ],
      "displayField": "FULLNAME",
      "exactMatch": false,
      "maxResults": 6,
      "searchInCurrentMapExtent": false,
      "type": "query"
    },
    {
      "name": "Section",
      "layerId": "Web_PLSS_8407_1",
      "url": "https://pappgiswa1.co.washington.or.us/arcgispub/rest/services/LUT_ECS/Web_PLSS/MapServer/1",
      "placeholder": "\"A srvey number or a plat name\"",
      "searchFields": [
        "TILE_NAME"
      ],
      "displayField": "TILE_NAME",
      "exactMatch": false,
      "maxResults": 6,
      "searchInCurrentMapExtent": false,
      "type": "query"
    },
    {
      "name": "County Road (Grouped by county road number & road name)",
      "layerId": "web_county_road_name_8135_0",
      "url": "https://gispub.co.washington.or.us/server/rest/services/LUT_ETS/web_county_road_name/MapServer/0",
      "placeholder": "\"A srvey number or a plat name\"",
      "searchFields": [
        "CRNAME"
      ],
      "displayField": "CRNAME",
      "exactMatch": false,
      "maxResults": 6,
      "searchInCurrentMapExtent": false,
      "type": "query"
    },
    {
      "name": "County Road (grouped by number)",
      "layerId": "web_county_road_2071_0",
      "url": "https://pappgiswa1.co.washington.or.us/arcgispub/rest/services/LUT_ECS/web_county_road/MapServer/0",
      "placeholder": "\"A srvey number or a plat name\"",
      "searchFields": [
        "CRNUM"
      ],
      "displayField": "CRNUM",
      "exactMatch": false,
      "maxResults": 6,
      "searchInCurrentMapExtent": false,
      "type": "query"
    },
    {
      "name": "ArcGIS World Geocoding Service",
      "url": "https://geocode.arcgis.com/arcgis/rest/services/World/GeocodeServer",
      "singleLineFieldName": "SingleLine",
      "placeholder": "Find address or place",
      "maxResults": 6,
      "searchInCurrentMapExtent": false,
      "type": "locator",
      "enableLocalSearch": true,
      "localSearchMinScale": 300000,
      "localSearchDistance": 50000
    },
    {
      "name": "RLIS Locator - WashCo hosted",
      "url": "https://gispub.co.washington.or.us/server/rest/services/Locators/RLIS_Locator/GeocodeServer",
      "singleLineFieldName": "SingleLine",
      "placeholder": "Find address or place",
      "maxResults": 6,
      "searchInCurrentMapExtent": false,
      "type": "locator",
      "enableLocalSearch": false,
      "localSearchMinScale": 300000,
      "localSearchDistance": 50000
    }
  ]
}
