{
  "layerInfos": [
    {
      "name": "Address",
      "id": "Survey_Explorer_1375",
      "layer": {
        "url": "https://gispub.co.washington.or.us/server/rest/services/LUT_ETS/Survey_Explorer/MapServer/0"
      },
      "show": true,
      "showAttachments": false,
      "sortField": "OBJECTID",
      "isDescending": false
    },
    {
      "name": "Benchmark",
      "id": "Survey_Explorer_451",
      "layer": {
        "url": "https://gispub.co.washington.or.us/server/rest/services/LUT_ETS/Survey_Explorer/MapServer/11"
      },
      "show": false,
      "showAttachments": false,
      "sortField": "Shape",
      "isDescending": false
    },
    {
      "name": "Survey",
      "id": "Survey_Explorer_569",
      "layer": {
        "url": "https://gispub.co.washington.or.us/server/rest/services/LUT_ETS/Survey_Explorer/MapServer/7"
      },
      "show": true,
      "showAttachments": false,
      "sortField": "shape",
      "isDescending": false
    },
    {
      "name": "Public Land Corner",
      "id": "Survey_Explorer_1564",
      "layer": {
        "url": "https://gispub.co.washington.or.us/server/rest/services/LUT_ETS/Survey_Explorer/MapServer/1"
      },
      "show": false,
      "showAttachments": false,
      "sortField": "Shape",
      "isDescending": false
    },
    {
      "name": "Dedication",
      "id": "Survey_Explorer_3665",
      "layer": {
        "url": "https://gispub.co.washington.or.us/server/rest/services/LUT_ETS/Survey_Explorer/MapServer/15"
      },
      "show": false,
      "showAttachments": false,
      "sortField": "OBJECTID",
      "isDescending": false
    },
    {
      "name": "Geodesic Control",
      "id": "Survey_Explorer_6632",
      "layer": {
        "url": "https://gispub.co.washington.or.us/server/rest/services/LUT_ETS/Survey_Explorer/MapServer/12"
      },
      "show": false,
      "showAttachments": false,
      "sortField": "OBJECTID",
      "isDescending": false
    },
    {
      "name": "County Road",
      "id": "Survey_Explorer_8530",
      "layer": {
        "url": "https://gispub.co.washington.or.us/server/rest/services/LUT_ETS/Survey_Explorer/MapServer/13"
      },
      "show": false,
      "showAttachments": false,
      "sortField": "OBJECTID",
      "isDescending": false
    },
    {
      "name": "DLC (Donation Land Claim)",
      "id": "Survey_Explorer_9254",
      "layer": {
        "url": "https://gispub.co.washington.or.us/server/rest/services/LUT_ETS/Survey_Explorer/MapServer/2"
      },
      "show": false,
      "showAttachments": false,
      "sortField": "OBJECTID",
      "isDescending": false
    },
    {
      "name": "Road Vacation",
      "id": "Survey_Explorer_4505",
      "layer": {
        "url": "https://gispub.co.washington.or.us/server/rest/services/LUT_ETS/Survey_Explorer/MapServer/3"
      },
      "show": false,
      "showAttachments": false,
      "sortField": "OBJECTID",
      "isDescending": false
    },
    {
      "name": "Plat",
      "id": "Survey_Explorer_3638",
      "layer": {
        "url": "https://gispub.co.washington.or.us/server/rest/services/LUT_ETS/Survey_Explorer/MapServer/4"
      },
      "show": false,
      "showAttachments": false,
      "sortField": "OBJECTID",
      "isDescending": false
    },
    {
      "name": "Township",
      "id": "Survey_Explorer_5060",
      "layer": {
        "url": "https://gispub.co.washington.or.us/server/rest/services/LUT_ETS/Survey_Explorer/MapServer/10"
      },
      "show": true,
      "showAttachments": false,
      "sortField": "OBJECTID",
      "isDescending": false
    },
    {
      "name": "Section",
      "id": "Survey_Explorer_9678",
      "layer": {
        "url": "https://gispub.co.washington.or.us/server/rest/services/LUT_ETS/Survey_Explorer/MapServer/9"
      },
      "show": true,
      "showAttachments": false,
      "sortField": "OBJECTID",
      "isDescending": false
    },
    {
      "name": "Quarter Section",
      "id": "Survey_Explorer_6930",
      "layer": {
        "url": "https://gispub.co.washington.or.us/server/rest/services/LUT_ETS/Survey_Explorer/MapServer/5"
      },
      "show": true,
      "showAttachments": false,
      "sortField": "OBJECTID",
      "isDescending": false
    },
    {
      "name": "Tax Lot",
      "id": "Survey_Explorer_3149",
      "layer": {
        "url": "https://gispub.co.washington.or.us/server/rest/services/LUT_ETS/Survey_Explorer/MapServer/8"
      },
      "show": true,
      "showAttachments": false,
      "sortField": "OBJECTID",
      "isDescending": false
    },
    {
      "name": "City",
      "id": "Survey_Explorer_8643",
      "layer": {
        "url": "https://gispub.co.washington.or.us/server/rest/services/LUT_ETS/Survey_Explorer/MapServer/37"
      },
      "show": false,
      "showAttachments": false,
      "sortField": "OBJECTID",
      "isDescending": false
    },
    {
      "name": "v_surveys_TRS",
      "id": "Survey_Explorer_7267",
      "layer": {
        "url": "https://gispub.co.washington.or.us/server/rest/services/LUT_ETS/Survey_Explorer/MapServer/42",
        "fields": [
          {
            "name": "SurvNum",
            "alias": "SurvNum",
            "show": true,
            "format": {
              "places": 0,
              "digitSeparator": true
            }
          },
          {
            "name": "TR",
            "alias": "TR",
            "show": true
          },
          {
            "name": "Sec",
            "alias": "Sec",
            "show": true,
            "format": {
              "places": 0,
              "digitSeparator": true
            }
          },
          {
            "name": "QTR",
            "alias": "QTR",
            "show": true
          },
          {
            "name": "TRSQTR",
            "alias": "TRSQTR",
            "show": true
          },
          {
            "name": "OBJECTID",
            "alias": "OBJECTID",
            "show": false
          }
        ]
      },
      "show": false,
      "showAttachments": false,
      "sortField": "SurvNum",
      "isDescending": false
    }
  ],
  "table": {
    "pageSizeOptions": [
      25,
      50,
      100,
      1000
    ]
  },
  "hideExportButton": true,
  "initiallyExpand": false,
  "filterByMapExtent": true,
  "allowTextSelection": true,
  "syncWithLayers": false
}
