{
  "allPlaceholder": "Search all layers",
  "showInfoWindowOnSelect": true,
  "sources": [
    {
      "layerId": "Survey_Explorer_1375",
      "url": "https://gispub.co.washington.or.us/server/rest/services/LUT_ETS/Survey_Explorer/MapServer/0",
      "name": "Address",
      "placeholder": "Address",
      "searchFields": [
        "FULLADDRESS"
      ],
      "displayField": "FULLADDRESS",
      "exactMatch": false,
      "searchInCurrentMapExtent": false,
      "panToScale": false,
      "zoomScale": null,
      "maxSuggestions": 6,
      "maxResults": 6,
      "type": "query"
    },
    {
      "layerId": "Survey_Explorer_451",
      "url": "https://gispub.co.washington.or.us/server/rest/services/LUT_ETS/Survey_Explorer/MapServer/11",
      "name": "Benchmark",
      "placeholder": "Benchmark ID",
      "searchFields": [
        "Benchmark_ID"
      ],
      "displayField": "Benchmark_ID",
      "exactMatch": false,
      "searchInCurrentMapExtent": false,
      "panToScale": false,
      "zoomScale": null,
      "maxSuggestions": 6,
      "maxResults": 6,
      "type": "query"
    },
    {
      "layerId": "Survey_Explorer_569",
      "url": "https://gispub.co.washington.or.us/server/rest/services/LUT_ETS/Survey_Explorer/MapServer/7",
      "name": "Survey",
      "placeholder": "Survey #",
      "searchFields": [
        "SurvNum"
      ],
      "displayField": "SurvNum",
      "exactMatch": false,
      "searchInCurrentMapExtent": false,
      "panToScale": false,
      "zoomScale": null,
      "maxSuggestions": 6,
      "maxResults": 6,
      "type": "query"
    },
    {
      "layerId": "Survey_Explorer_1564",
      "url": "https://gispub.co.washington.or.us/server/rest/services/LUT_ETS/Survey_Explorer/MapServer/1",
      "name": "Public Land Corner",
      "placeholder": "Corner ID",
      "searchFields": [
        "CORNER_ID"
      ],
      "displayField": "CORNER_ID",
      "exactMatch": false,
      "searchInCurrentMapExtent": false,
      "panToScale": false,
      "zoomScale": null,
      "maxSuggestions": 10,
      "maxResults": 10,
      "type": "query"
    },
    {
      "layerId": "Survey_Explorer_3665",
      "url": "https://gispub.co.washington.or.us/server/rest/services/LUT_ETS/Survey_Explorer/MapServer/15",
      "name": "Dedication",
      "placeholder": "Deed #",
      "searchFields": [
        "DD_Num"
      ],
      "displayField": "DD_Num",
      "exactMatch": false,
      "searchInCurrentMapExtent": false,
      "panToScale": false,
      "zoomScale": null,
      "maxSuggestions": 10,
      "maxResults": 10,
      "type": "query"
    },
    {
      "layerId": "Survey_Explorer_6632",
      "url": "https://gispub.co.washington.or.us/server/rest/services/LUT_ETS/Survey_Explorer/MapServer/12",
      "name": "Geodesic Control",
      "placeholder": "Station Name",
      "searchFields": [
        "FULLNAME"
      ],
      "displayField": "FULLNAME",
      "exactMatch": false,
      "searchInCurrentMapExtent": false,
      "panToScale": false,
      "zoomScale": null,
      "maxSuggestions": 10,
      "maxResults": 10,
      "type": "query"
    },
    {
      "layerId": "Survey_Explorer_8530",
      "url": "https://gispub.co.washington.or.us/server/rest/services/LUT_ETS/Survey_Explorer/MapServer/13",
      "name": "County Road",
      "placeholder": "Road #",
      "searchFields": [
        "CRNUM"
      ],
      "displayField": "CRNUM",
      "exactMatch": false,
      "searchInCurrentMapExtent": false,
      "panToScale": false,
      "zoomScale": null,
      "maxSuggestions": 10,
      "maxResults": 10,
      "type": "query"
    },
    {
      "layerId": "Survey_Explorer_9254",
      "url": "https://gispub.co.washington.or.us/server/rest/services/LUT_ETS/Survey_Explorer/MapServer/2",
      "name": "DLC (Donation Land Claim)",
      "placeholder": "ex. Doe, Jane",
      "searchFields": [
        "BOTHNAMES"
      ],
      "displayField": "BOTHNAMES",
      "exactMatch": false,
      "searchInCurrentMapExtent": false,
      "panToScale": false,
      "zoomScale": null,
      "maxSuggestions": 10,
      "maxResults": 10,
      "type": "query"
    },
    {
      "layerId": "Survey_Explorer_4505",
      "url": "https://gispub.co.washington.or.us/server/rest/services/LUT_ETS/Survey_Explorer/MapServer/3",
      "name": "Road Vacation",
      "placeholder": "Vacation #",
      "searchFields": [
        "Vac_num"
      ],
      "displayField": "Vac_num",
      "exactMatch": false,
      "searchInCurrentMapExtent": false,
      "panToScale": false,
      "zoomScale": null,
      "maxSuggestions": 10,
      "maxResults": 10,
      "type": "query"
    },
    {
      "layerId": "Survey_Explorer_3638",
      "url": "https://gispub.co.washington.or.us/server/rest/services/LUT_ETS/Survey_Explorer/MapServer/4",
      "name": "Plat",
      "placeholder": "ex. Foggy Bottom",
      "searchFields": [
        "Platname"
      ],
      "displayField": "Platname",
      "exactMatch": false,
      "searchInCurrentMapExtent": false,
      "panToScale": false,
      "zoomScale": 11000,
      "maxSuggestions": 10,
      "maxResults": 10,
      "type": "query"
    },
    {
      "layerId": "Survey_Explorer_9678",
      "url": "https://gispub.co.washington.or.us/server/rest/services/LUT_ETS/Survey_Explorer/MapServer/9",
      "name": "Section",
      "placeholder": "ex. N3W##",
      "searchFields": [],
      "displayField": "TILE_NAME",
      "exactMatch": false,
      "searchInCurrentMapExtent": false,
      "panToScale": false,
      "zoomScale": null,
      "maxSuggestions": 10,
      "maxResults": 10,
      "type": "query"
    },
    {
      "layerId": "Survey_Explorer_6930",
      "url": "https://gispub.co.washington.or.us/server/rest/services/LUT_ETS/Survey_Explorer/MapServer/5",
      "name": "Quarter Section",
      "placeholder": "ex. 1N5W31NW",
      "searchFields": [
        "LOCATION"
      ],
      "displayField": "LOCATION",
      "exactMatch": false,
      "searchInCurrentMapExtent": false,
      "panToScale": false,
      "zoomScale": null,
      "maxSuggestions": 10,
      "maxResults": 10,
      "type": "query"
    },
    {
      "layerId": "Survey_Explorer_3149",
      "url": "https://gispub.co.washington.or.us/server/rest/services/LUT_ETS/Survey_Explorer/MapServer/8",
      "name": "Tax Lot",
      "placeholder": "ex. 1N323xxxxxxx",
      "searchFields": [
        "TLID"
      ],
      "displayField": "TLID",
      "exactMatch": false,
      "searchInCurrentMapExtent": false,
      "panToScale": false,
      "zoomScale": null,
      "maxSuggestions": 10,
      "maxResults": 10,
      "type": "query"
    },
    {
      "name": "Metro RLIS Locator",
      "url": "https://gis.oregonmetro.gov/arcgis/rest/services/locators/RLIS_Locator/GeocodeServer",
      "singleLineFieldName": "SingleLine",
      "placeholder": "Find address or place",
      "maxResults": 6,
      "searchInCurrentMapExtent": false,
      "type": "locator",
      "enableLocalSearch": false,
      "localSearchMinScale": 300000,
      "localSearchDistance": 50000
    },
    {
      "name": "Oregon Statewide Address Locator Service",
      "url": "https://navigator.state.or.us/arcgis/rest/services/Locators/gc_Composite/GeocodeServer",
      "singleLineFieldName": "SingleLine",
      "placeholder": "Find address or place",
      "maxResults": 6,
      "searchInCurrentMapExtent": false,
      "type": "locator",
      "enableLocalSearch": false,
      "localSearchMinScale": 300000,
      "localSearchDistance": 50000
    }
  ]
}
