{
  "legend": {
    "arrangement": 0,
    "autoUpdate": true,
    "respectCurrentMapScale": false
  },
  "layerState": {
    "Web_address_6532": {
      "selected": true
    },
    "Cities_1788": {
      "selected": true
    },
    "Web_road_vacations_611": {
      "selected": true
    },
    "web_dedications_6715": {
      "selected": true
    },
    "sv_plats_9931": {
      "selected": true
    },
    "featureServer_1293": {
      "selected": true
    },
    "geocontrols_1446": {
      "selected": false
    },
    "sv_benchmarks_7310": {
      "selected": false
    },
    "web_USGS_quads_5617": {
      "selected": false
    },
    "web_county_road_2071": {
      "selected": false
    },
    "web_county_road_name_8135": {
      "selected": false
    },
    "sv_surveys_2271": {
      "selected": false
    },
    "Taxlots_SP_5631": {
      "selected": false
    },
    "Web_PLSS_8407": {
      "selected": false
    },
    "Web_DLC_6466": {
      "selected": false
    },
    "Street_Anno_4210": {
      "selected": false
    },
    "aerials2019_4762": {
      "selected": true
    },
    "2017_6INCH_8368": {
      "selected": true
    },
    "2016_MOSAIC_Countywide_209": {
      "selected": true
    },
    "MOSAIC_2015_6inch_5580": {
      "selected": true
    },
    "Photos_2014_SP_855": {
      "selected": true
    },
    "Web_Aerial2010_8212": {
      "selected": false
    },
    "ms_2006_ortho_3875": {
      "selected": false
    },
    "ms_2002_orthos_2353": {
      "selected": false
    },
    "ms_1998_orthos_1110": {
      "selected": false
    }
  },
  "syncWithWebmap": false,
  "showLegendForBasemap": false
}
